,source,target,ts,idx,time
0,47,12,0,0,0
1,66,12,29340,1,0
2,74,145,40860,2,0
3,66,47,109020,3,1
4,47,49,881160,4,10
5,47,66,1302660,5,15
6,47,145,1302660,6,15
7,47,37,1897980,7,21
8,74,48,2962380,8,34
9,66,145,2966940,9,34
10,66,49,4848120,10,56
11,106,53,5029500,11,58
12,49,66,5703480,12,66
13,47,26,6739260,13,78
14,95,66,7286340,14,84
15,149,65,8380200,15,96
16,149,127,8380200,16,96
17,47,106,9159480,17,106
18,47,134,9791040,18,113
19,74,140,10391340,19,120
20,74,135,10476420,20,121
21,47,140,10827540,21,125
22,47,75,10827540,22,125
23,106,47,12827940,23,148
24,145,66,13324740,24,154
25,145,26,13324920,25,154
26,12,47,13413900,26,155
27,66,43,14455140,27,167
28,12,66,15121260,28,175
29,145,12,15212820,29,176
30,145,49,15212820,30,176
31,145,47,15212820,31,176
32,47,120,15832560,32,183
33,66,75,17361780,33,200
34,137,68,17487840,34,202
35,137,26,17487840,35,202
36,26,68,18235980,36,211
37,113,80,18412680,37,213
38,123,60,18677100,38,216
39,26,38,18743460,39,216
40,74,57,18834300,40,217
41,66,26,18847140,41,218
42,135,31,18914340,42,218
43,120,123,19031280,43,220
44,120,126,19031280,44,220
45,120,90,19031280,45,220
46,120,58,19031280,46,220
47,120,48,19031280,47,220
48,12,26,19292340,48,223
49,48,18,19354260,49,224
50,135,19,19372680,50,224
51,66,95,19381860,51,224
52,135,48,19457820,52,225
53,113,95,19525560,53,225
54,48,135,19868400,54,229
55,113,62,19875000,55,230
56,26,53,19882680,56,230
57,48,1,19889160,57,230
58,135,139,19892340,58,230
59,113,88,20137740,59,233
60,120,56,20148000,60,233
61,120,24,20150100,61,233
62,120,6,20150100,62,233
63,120,53,20150100,63,233
64,48,139,20572020,64,238
65,135,47,20642580,65,238
66,12,145,20653080,66,239
67,12,49,20653080,67,239
68,74,3,20757060,68,240
69,120,106,20848920,69,241
70,135,1,21165900,70,244
71,15,28,21169320,71,245
72,48,72,21176820,72,245
73,116,20,21185340,73,245
74,74,109,21264780,74,246
75,113,63,21273300,75,246
76,47,130,21687180,76,251
77,47,76,21871140,77,253
78,127,44,22558200,78,261
79,127,146,22558200,79,261
80,120,148,23097840,80,267
81,123,48,23242620,81,269
82,80,113,23501400,82,272
83,145,106,23529900,83,272
84,116,100,23607660,84,273
85,106,148,23871000,85,276
86,31,17,24904260,86,288
87,31,135,24904260,87,288
88,31,67,24904260,88,288
89,31,65,24904260,89,288
90,31,3,24904260,90,288
91,31,48,24904260,91,288
92,135,17,25071000,92,290
93,106,100,25342980,93,293
94,106,95,25342980,94,293
95,106,43,25342980,95,293
96,106,61,25342980,96,293
97,106,44,25342980,97,293
98,135,18,25400040,98,293
99,31,139,25491240,99,295
100,47,38,25671720,100,297
101,95,113,25908060,101,299
102,113,59,25910520,102,299
103,49,145,25923480,103,300
104,87,47,25941360,104,300
105,48,31,26033880,105,301
106,113,109,26188680,106,303
107,39,47,26198640,107,303
108,95,80,26614440,108,308
109,120,121,26634240,109,308
110,61,43,26797500,110,310
111,48,74,27400980,111,317
112,106,125,27418500,112,317
113,106,127,27418500,113,317
114,106,121,27418500,114,317
115,48,58,27756540,115,321
116,43,110,27927660,116,323
117,43,103,27939300,117,323
118,48,123,28001460,118,324
119,48,60,28001460,119,324
120,148,127,28377540,120,328
121,72,48,28451100,121,329
122,49,12,28454880,122,329
123,49,47,28454880,123,329
124,75,49,28455180,124,329
125,145,134,28524300,125,330
126,61,101,28593840,126,330
127,43,148,28614000,127,331
128,25,24,28700460,128,332
129,72,139,28784640,129,333
130,72,1,28784640,130,333
131,135,67,29026380,131,335
132,75,134,29046540,132,336
133,43,90,29058540,133,336
134,123,57,29213880,134,338
135,48,27,29232120,135,338
136,145,75,29295900,136,339
137,75,145,29309940,137,339
138,43,77,29311620,138,339
139,48,17,29634120,139,342
140,75,140,29665560,140,343
141,117,76,29743200,141,344
142,148,44,29812800,142,345
143,148,106,29812800,143,345
144,134,47,29832480,144,345
145,66,15,30155460,145,349
146,75,59,30259740,146,350
147,59,75,30428220,147,352
148,137,72,30497220,148,352
149,74,10,30497520,149,352
150,106,145,30505920,150,353
151,116,37,30872040,151,357
152,75,12,30946740,152,358
153,66,32,31127100,153,360
154,31,68,31473900,154,364
155,61,106,31545600,155,365
156,106,77,31968000,156,370
157,67,120,32065440,157,371
158,110,30,32080740,158,371
159,116,16,32083620,159,371
160,116,144,32083620,160,371
161,116,25,32083620,161,371
162,116,60,32083620,162,371
163,43,121,32597760,163,377
164,43,52,32597760,164,377
165,43,127,32597760,165,377
166,31,137,32789760,166,379
167,31,19,32789760,167,379
168,135,3,32936760,168,381
169,120,127,33798480,169,391
170,53,106,33870120,170,392
171,77,106,33884880,171,392
172,60,123,33961740,172,393
173,106,120,34382580,173,397
174,36,39,34403220,174,398
175,16,58,34466100,175,398
176,140,74,34486680,176,399
177,60,89,34493640,177,399
178,36,60,34555620,178,399
179,143,126,34691340,179,401
180,60,24,34738800,180,402
181,60,39,34738800,181,402
182,60,16,34738800,182,402
183,60,144,34738800,183,402
184,60,25,34738800,184,402
185,60,36,34738800,185,402
186,68,137,34756500,186,402
187,68,72,34756500,187,402
188,113,41,35015220,188,405
189,95,46,35019480,189,405
190,36,144,35093100,190,406
191,149,53,35103360,191,406
192,67,47,35259120,192,408
193,47,67,35266020,193,408
194,61,62,35275560,194,408
195,69,1,35335800,195,408
196,16,0,35353320,196,409
197,2,67,35624100,197,412
198,33,107,35685600,198,413
199,66,103,35704560,199,413
200,66,101,35704560,200,413
201,99,90,36372720,201,420
202,143,90,36392520,202,421
203,143,99,36392520,203,421
204,143,48,36392520,204,421
205,48,67,36409560,205,421
206,1,69,36460980,206,422
207,75,46,36490020,207,422
208,53,77,36545460,208,422
209,16,60,36553620,209,423
210,16,24,36923160,210,427
211,16,25,36923160,211,427
212,72,31,36926520,212,427
213,72,68,36926520,213,427
214,48,69,36988620,214,428
215,95,106,37007100,215,428
216,75,74,37068000,216,429
217,36,16,37144860,217,429
218,43,48,37184400,218,430
219,72,137,37417920,219,433
220,137,0,37429560,220,433
221,137,138,37429560,221,433
222,95,148,37439280,222,433
223,60,0,37502040,223,434
224,39,36,37590360,224,435
225,18,69,37603440,225,435
226,90,47,37676460,226,436
227,126,59,38034840,227,440
228,47,77,38132340,228,441
229,18,1,38289180,229,443
230,18,19,38289180,230,443
231,18,139,38289180,231,443
232,69,18,38293380,232,443
233,69,139,38301360,233,443
234,63,59,38384160,234,444
235,134,140,38642700,235,447
236,140,134,38643600,236,447
237,140,47,38643600,237,447
238,117,119,38645700,238,447
239,117,112,38645700,239,447
240,77,47,38646540,240,447
241,31,18,38802960,241,449
242,31,1,38802960,242,449
243,31,69,38802960,243,449
244,31,27,38802960,244,449
245,10,74,38818260,245,449
246,1,48,38819580,246,449
247,139,48,38893740,247,450
248,139,1,38893740,248,450
249,139,69,38893740,249,450
250,121,120,38993160,250,451
251,74,15,38994480,251,451
252,69,31,39223500,252,453
253,26,47,39226800,253,454
254,19,1,39310320,254,454
255,19,18,39310320,255,454
256,19,69,39310320,256,454
257,19,139,39310320,257,454
258,43,53,39342420,258,455
259,1,17,39403260,259,456
260,95,16,39405420,260,456
261,120,143,39418980,261,456
262,120,55,39418980,262,456
263,148,77,39568620,263,457
264,16,36,39787500,264,460
265,57,95,39839220,265,461
266,95,43,39859560,266,461
267,95,103,39859560,267,461
268,8,47,39912840,268,461
269,8,66,39912840,269,461
270,8,49,39912840,270,461
271,8,145,39912840,271,461
272,30,65,39918600,272,462
273,95,61,39934500,273,462
274,66,8,39934680,274,462
275,75,39,39939660,275,462
276,47,8,39943740,276,462
277,16,20,40012620,277,463
278,10,140,40085700,278,463
279,117,107,40098480,279,464
280,43,106,40103400,280,464
281,137,128,40106640,281,464
282,137,130,40106640,282,464
283,75,10,40121880,283,464
284,27,69,40197000,284,465
285,27,48,40197000,285,465
286,27,1,40197000,286,465
287,43,101,40447320,287,468
288,43,61,40447320,288,468
289,53,95,40454160,289,468
290,137,89,40490400,290,468
291,138,137,40537500,291,469
292,138,72,40537500,292,469
293,122,107,40546620,293,469
294,122,33,40546620,294,469
295,122,34,40546620,295,469
296,89,0,40615920,296,470
297,95,88,40617300,297,470
298,95,62,40617300,298,470
299,95,57,40617600,299,470
300,95,101,40617600,300,470
301,66,51,40636320,301,470
302,56,59,40689240,302,470
303,68,125,40809480,303,472
304,68,149,40809480,304,472
305,43,95,40966920,305,474
306,33,122,40981860,306,474
307,33,34,40981860,307,474
308,48,90,41038560,308,474
309,48,99,41051760,309,475
310,51,109,41063280,310,475
311,57,74,41067180,311,475
312,75,95,41128260,312,476
313,51,66,41161320,313,476
314,67,19,41173440,314,476
315,26,145,41211120,315,476
316,31,28,41215260,316,477
317,123,41,41298000,317,477
318,72,0,41315460,318,478
319,41,46,41315460,319,478
320,41,95,41315460,320,478
321,41,60,41315460,321,478
322,41,25,41315460,322,478
323,41,123,41315460,323,478
324,41,61,41315460,324,478
325,41,36,41315460,325,478
326,41,39,41315460,326,478
327,41,16,41315460,327,478
328,41,144,41315460,328,478
329,53,121,41386260,329,479
330,123,61,41388120,330,479
331,61,123,41392620,331,479
332,48,28,41403420,332,479
333,135,69,41745000,333,483
334,135,72,41754660,334,483
335,72,135,41763060,335,483
336,16,89,41808300,336,483
337,72,146,41850540,337,484
338,26,76,41904240,338,485
339,72,138,41918460,339,485
340,47,43,41919960,340,485
341,0,72,41923500,341,485
342,112,33,41932080,342,485
343,137,146,41995260,343,486
344,137,133,42021720,344,486
345,16,61,42195540,345,488
346,16,39,42202620,346,488
347,16,144,42203700,347,488
348,149,68,42238560,348,488
349,146,137,42281400,349,489
350,123,55,42451680,350,491
351,101,61,42530880,351,492
352,95,75,42805680,352,495
353,6,74,42876180,353,496
354,6,10,42876180,354,496
355,10,6,42945720,355,497
356,61,16,42970680,356,497
357,61,39,42970680,357,497
358,109,95,43109520,358,498
359,109,46,43109520,359,498
360,109,113,43109520,360,498
361,99,48,43114800,361,499
362,74,6,43116660,362,499
363,1,139,43205520,363,500
364,12,8,43219620,364,500
365,74,75,43486140,365,503
366,51,8,43544700,366,503
367,43,57,43717020,367,505
368,43,99,43748880,368,506
369,61,95,44093520,369,510
370,73,125,44105040,370,510
371,73,127,44105040,371,510
372,113,46,44152980,372,511
373,88,4,44250480,373,512
374,43,100,44261460,374,512
375,51,15,44320800,375,512
376,88,95,44336700,376,513
377,8,56,44668140,377,516
378,51,26,44772720,378,518
379,26,51,44783520,379,518
380,90,99,44838300,380,518
381,90,48,44838300,381,518
382,69,48,45008340,382,520
383,56,8,45015420,383,521
384,56,49,45015420,384,521
385,56,47,45015420,385,521
386,140,75,45017820,386,521
387,66,134,45297900,387,524
388,138,0,45450480,388,526
389,135,28,45462960,389,526
390,135,65,45462960,390,526
391,95,110,45895800,391,531
392,60,48,45968760,392,532
393,60,126,45968760,393,532
394,99,110,45993120,394,532
395,18,135,46069380,395,533
396,18,48,46069380,396,533
397,1,27,46141260,397,534
398,148,125,46221720,398,534
399,148,121,46221720,399,534
400,148,73,46221720,400,534
401,148,65,46221720,401,534
402,69,19,46493940,402,538
403,28,67,46560720,403,538
404,18,27,46567080,404,538
405,39,16,46579740,405,539
406,138,14,46581600,406,539
407,138,128,46581600,407,539
408,138,114,46581600,408,539
409,138,136,46581600,409,539
410,138,96,46581600,410,539
411,138,92,46581600,411,539
412,138,89,46581600,412,539
413,138,86,46581600,413,539
414,138,131,46581600,414,539
415,138,85,46581600,415,539
416,138,84,46581600,416,539
417,138,146,46581600,417,539
418,138,130,46581600,418,539
419,138,147,46581600,419,539
420,138,32,46581600,420,539
421,138,133,46581600,421,539
422,109,74,46591080,422,539
423,72,20,46690800,423,540
424,135,2,46821840,424,541
425,140,37,46842480,425,542
426,37,140,46843200,426,542
427,48,101,46846500,427,542
428,85,136,47165340,428,545
429,74,113,47265780,429,547
430,140,59,47281320,430,547
431,140,56,47344980,431,547
432,47,15,47356920,432,548
433,31,72,47425740,433,548
434,58,48,47431980,434,548
435,65,67,47434860,435,549
436,65,2,47434860,436,549
437,15,47,47438700,437,549
438,138,68,47453520,438,549
439,47,103,47688060,439,551
440,47,90,47688060,440,551
441,60,55,47707200,441,552
442,65,53,47707440,442,552
443,15,26,47708580,443,552
444,85,131,47714520,444,552
445,85,128,47714520,445,552
446,59,140,47715300,446,552
447,14,136,47740320,447,552
448,106,15,47789400,448,553
449,148,120,47789700,449,553
450,148,47,47789700,450,553
451,148,15,47789700,451,553
452,62,113,47791380,452,553
453,147,131,47804100,453,553
454,147,128,47804100,454,553
455,147,92,47804100,455,553
456,147,96,47804100,456,553
457,147,130,47804100,457,553
458,15,106,47826840,458,553
459,15,77,47826840,459,553
460,67,2,47855700,460,553
461,67,31,47862240,461,553
462,32,147,47865840,462,554
463,77,53,47870400,463,554
464,1,135,47879880,464,554
465,143,55,47966700,465,555
466,24,60,48045540,466,556
467,24,39,48045540,467,556
468,24,25,48045540,468,556
469,24,144,48045540,469,556
470,24,16,48045540,470,556
471,24,20,48045540,471,556
472,85,14,48288180,472,558
473,65,31,48299520,473,559
474,143,100,48301800,474,559
475,57,123,48310620,475,559
476,120,37,48321480,476,559
477,109,80,48375960,477,559
478,56,140,48393840,478,560
479,56,75,48393840,479,560
480,67,65,48474360,480,561
481,145,51,48476040,481,561
482,121,53,48476280,482,561
483,51,145,48480900,483,561
484,86,14,48794100,484,564
485,86,136,48794100,485,564
486,92,136,48833520,486,565
487,92,14,48833520,487,565
488,147,32,48933900,488,566
489,37,10,48984660,489,566
490,137,96,48989820,490,567
491,137,131,48989820,491,567
492,137,32,48989820,492,567
493,110,95,48990240,493,567
494,148,53,48995820,494,567
495,147,85,49010700,495,567
496,139,135,49069860,496,567
497,2,65,49083240,497,568
498,2,31,49083240,498,568
499,48,16,49117620,499,568
500,65,28,49242000,500,569
501,1,18,49251780,501,570
502,149,121,49264140,502,570
503,149,73,49264140,503,570
504,149,67,49264140,504,570
505,149,106,49264140,505,570
506,149,125,49264140,506,570
507,149,28,49264140,507,570
508,149,148,49264140,508,570
509,139,18,49498800,509,572
510,147,136,49501560,510,572
511,99,126,49513560,511,573
512,131,137,49530300,512,573
513,123,140,49609020,513,574
514,18,17,49683120,514,575
515,85,114,49692060,515,575
516,85,92,49692060,516,575
517,140,123,49694220,517,575
518,26,15,49696200,518,575
519,17,18,49710900,519,575
520,17,48,49710900,520,575
521,17,135,49710900,521,575
522,85,147,49854720,522,577
523,126,55,49870620,523,577
524,137,31,50125500,524,580
525,147,84,50192460,525,580
526,32,66,50195040,526,580
527,32,49,50195040,527,580
528,39,41,50197800,528,580
529,18,31,50201340,529,581
530,68,36,50204100,530,581
531,49,32,50204220,531,581
532,21,116,50208840,532,581
533,67,28,50215920,533,581
534,77,43,50220840,534,581
535,66,56,50226480,535,581
536,109,110,50365200,536,582
537,138,129,50386260,537,583
538,88,46,50389920,538,583
539,88,62,50389920,539,583
540,88,113,50389920,540,583
541,88,80,50389920,541,583
542,88,61,50389920,542,583
543,53,43,50450280,543,583
544,36,88,50470920,544,584
545,68,127,50547120,545,585
546,68,106,50547120,546,585
547,68,53,50547120,547,585
548,84,147,50706540,548,586
549,39,60,50727480,549,587
550,39,24,50727480,550,587
551,147,0,51002820,551,590
552,110,99,51676320,552,598
553,110,41,52100820,553,603
554,110,20,52100820,554,603
555,110,61,52100820,555,603
556,110,83,52100820,556,603
557,36,89,52110480,557,603
558,89,36,52113480,558,603
559,32,140,52547640,559,608
560,140,32,52551240,560,608
561,140,39,52618020,561,609
562,36,37,52711380,562,610
563,75,56,52719780,563,610
564,84,136,52950540,564,612
565,16,37,53148660,565,615
566,36,58,53221080,566,615
567,137,73,53311260,567,617
568,137,121,53311260,568,617
569,137,53,53311260,569,617
570,57,140,53319840,570,617
571,101,43,53416020,571,618
572,86,85,53522400,572,619
573,86,131,53522400,573,619
574,16,10,53750640,574,622
575,135,10,53760120,575,622
576,85,137,53829360,576,623
577,39,70,53927880,577,624
578,47,56,53939220,578,624
579,58,16,54006480,579,625
580,58,20,54006480,580,625
581,58,25,54006480,581,625
582,58,144,54006480,582,625
583,58,36,54006480,583,625
584,58,70,54006480,584,625
585,58,39,54006480,585,625
586,58,60,54006480,586,625
587,58,24,54006480,587,625
588,58,90,54006480,588,625
589,58,99,54006480,589,625
590,58,123,54006480,590,625
591,58,55,54006480,591,625
592,58,126,54006480,592,625
593,58,143,54006480,593,625
594,138,121,54103080,594,626
595,138,16,54103080,595,626
596,138,20,54103080,596,626
597,85,96,54346920,597,629
598,74,47,54373320,598,629
599,16,48,54390240,599,629
600,121,73,54423000,600,629
601,137,16,54425700,601,629
602,137,20,54425700,602,629
603,147,133,54448320,603,630
604,52,35,54478405,604,630
605,99,43,54508740,605,630
606,69,27,54511140,606,630
607,52,37,54549114,607,631
608,52,53,54653466,608,632
609,101,120,54706560,609,633
610,101,48,54706560,610,633
611,101,99,54706560,611,633
612,14,85,54841980,612,634
613,14,114,54841980,613,634
614,52,43,54921282,614,635
615,113,126,54973500,615,636
616,52,76,54988692,616,636
617,70,24,55040280,617,637
618,135,74,55062300,618,637
619,135,68,55063320,619,637
620,72,149,55068480,620,637
621,145,8,55116240,621,637
622,52,95,55137707,622,638
623,52,57,55137707,623,638
624,123,24,55218000,624,639
625,148,43,55228320,625,639
626,126,99,55235820,626,639
627,10,37,55314660,627,640
628,10,16,55314660,628,640
629,10,32,55314660,629,640
630,84,133,55495320,630,642
631,84,86,55495320,631,642
632,84,129,55495320,632,642
633,84,14,55495320,633,642
634,95,109,55545180,634,642
635,147,14,55574340,635,643
636,95,126,55643760,636,644
637,51,47,55661760,637,644
638,47,51,55663320,638,644
639,72,127,55669620,639,644
640,25,16,55726920,640,644
641,101,106,55824540,641,646
642,101,95,55824540,642,646
643,101,110,55828020,643,646
644,101,103,55828020,644,646
645,32,56,55828980,645,646
646,56,66,55836000,646,646
647,72,26,55839480,647,646
648,139,31,55851720,648,646
649,99,103,55885320,649,646
650,37,74,55904400,650,647
651,74,37,55911780,651,647
652,149,72,56274900,652,651
653,52,106,56374766,653,652
654,52,116,56473918,654,653
655,60,20,56522640,655,654
656,60,58,56522640,656,654
657,44,77,56538812,657,654
658,20,106,56548860,658,654
659,135,27,56553768,659,654
660,60,70,56863380,660,658
661,25,60,56926560,661,658
662,37,32,57018900,662,659
663,131,147,57025620,663,660
664,16,43,57046440,664,660
665,16,101,57120780,665,661
666,121,31,57149202,666,661
667,49,56,57373380,667,664
668,49,8,57373380,668,664
669,101,16,57373680,669,664
670,92,147,57382200,670,664
671,85,130,57394260,671,664
672,90,103,57448080,672,664
673,90,110,57448080,673,664
674,103,110,57448920,674,664
675,51,133,57556680,675,666
676,56,32,57630300,676,667
677,56,37,57630300,677,667
678,32,37,58055280,678,671
679,75,37,58062360,679,672
680,134,75,58077240,680,672
681,8,32,58079160,681,672
682,147,129,58154100,682,673
683,52,100,58174977,683,673
684,41,59,58224360,684,673
685,147,86,58227840,685,673
686,32,74,58230900,686,673
687,15,53,58389900,687,675
688,106,83,58582020,688,678
689,83,106,58638840,689,678
690,73,15,58709399,690,679
691,137,92,58924620,691,681
692,137,85,58924620,692,681
693,90,101,58933680,693,682
694,147,114,58937940,694,682
695,85,0,58947660,695,682
696,60,99,59179380,696,684
697,65,120,59328300,697,686
698,65,95,59328300,698,686
699,65,77,59328300,699,686
700,74,90,59360880,700,687
701,52,125,59372475,701,687
702,52,127,59372475,702,687
703,37,16,59377080,703,687
704,37,72,59377080,704,687
705,135,149,59381880,705,687
706,75,32,59465640,706,688
707,32,16,59477400,707,688
708,90,43,59529780,708,689
709,110,103,59540400,709,689
710,110,101,59540400,710,689
711,110,43,59540400,711,689
712,110,90,59540400,712,689
713,48,6,59833980,713,692
714,48,24,59833980,714,692
715,43,32,59870940,715,692
716,134,66,59903820,716,693
717,95,39,59906100,717,693
718,57,32,59922960,718,693
719,15,83,59946420,719,693
720,85,86,60004320,720,694
721,128,131,60022140,721,694
722,16,106,60094080,722,695
723,90,83,60109080,723,695
724,72,121,60150180,724,696
725,73,71,60161485,725,696
726,1,31,60367144,726,698
727,102,115,60452287,727,699
728,102,123,60452287,728,699
729,102,57,60452287,729,699
730,134,46,60480480,730,700
731,86,114,60551460,731,700
732,120,77,60597900,732,701
733,85,146,60706320,733,702
734,128,130,60737100,734,702
735,128,0,60737100,735,702
736,128,96,60737100,736,702
737,66,37,60758340,737,703
738,52,68,60943401,738,705
739,65,139,61004700,739,706
740,72,69,61004760,740,706
741,65,30,61077420,741,706
742,147,146,61089660,742,707
743,39,48,61100580,743,707
744,39,20,61100580,744,707
745,84,132,61125600,745,707
746,48,39,61138380,746,707
747,2,139,61193334,747,708
748,2,18,61193334,748,708
749,2,69,61193334,749,708
750,2,1,61193334,750,708
751,32,75,61209060,751,708
752,73,135,61282320,752,709
753,127,121,61321860,753,709
754,127,106,61321860,754,709
755,127,53,61321860,755,709
756,127,67,61321860,756,709
757,127,28,61321860,757,709
758,67,127,61370700,758,710
759,65,127,61377780,759,710
760,69,2,61395194,760,710
761,44,106,61397400,761,710
762,95,93,61614660,762,713
763,52,124,61617088,763,713
764,70,58,61648820,764,713
765,74,56,61692360,765,714
766,39,58,61711440,766,714
767,39,25,61711440,767,714
768,39,144,61711440,768,714
769,59,97,61715622,769,714
770,16,96,61774200,770,714
771,134,56,61778580,771,715
772,51,134,61808100,772,715
773,133,51,61882500,773,716
774,62,101,61954800,774,717
775,62,95,61954800,775,717
776,39,32,61962420,776,717
777,67,139,61982621,777,717
778,84,141,62159580,778,719
779,140,10,62211780,779,720
780,140,144,62211780,780,720
781,70,16,62227666,781,720
782,52,65,62239085,782,720
783,52,77,62239446,783,720
784,70,20,62248043,784,720
785,106,37,62248602,785,720
786,106,124,62248602,786,720
787,106,102,62248602,787,720
788,106,38,62248602,788,720
789,106,112,62248602,789,720
790,125,127,62260320,790,720
791,58,96,62267340,791,720
792,10,144,62307240,792,721
793,10,24,62307240,793,721
794,10,25,62307240,794,721
795,148,68,62396220,795,722
796,52,44,62422995,796,722
797,52,38,62422995,797,722
798,52,112,62422995,798,722
799,52,102,62422995,799,722
800,52,130,62422995,800,722
801,52,120,62424128,801,722
802,52,16,62424560,802,722
803,31,106,62446620,803,722
804,127,10,62487540,804,723
805,16,32,62498640,805,723
806,122,30,62816220,806,727
807,106,51,62856780,807,727
808,106,26,62856780,808,727
809,106,30,62856780,809,727
810,115,123,62856973,810,727
811,65,135,62872500,811,727
812,34,122,62885700,812,727
813,126,95,62913180,813,728
814,57,102,63012647,814,729
815,123,115,63019235,815,729
816,116,117,63027540,816,729
817,62,90,63038220,817,729
818,113,83,63078600,818,730
819,61,46,63099420,819,730
820,65,1,63113040,820,730
821,56,95,63163380,821,731
822,56,43,63163380,822,731
823,116,119,63168240,823,731
824,124,95,63180938,824,731
825,75,6,63183000,825,731
826,75,51,63185820,826,731
827,74,32,63186180,827,731
828,70,79,63192807,828,731
829,79,70,63193546,829,731
830,72,125,63198300,830,731
831,58,116,63448080,831,734
832,116,58,63448560,832,734
833,72,37,63453660,833,734
834,72,19,63508500,834,735
835,74,26,63510720,835,735
836,26,4,63523920,836,735
837,32,43,63526020,837,735
838,139,19,63539735,838,735
839,6,75,63587160,839,735
840,107,117,63590580,840,736
841,107,116,63590580,841,736
842,107,21,63590700,842,736
843,83,104,63609259,843,736
844,68,121,63689214,844,737
845,68,65,63689214,845,737
846,41,124,63692990,846,737
847,135,73,63701700,847,737
848,135,26,63701700,848,737
849,135,145,63701700,849,737
850,68,44,63702420,850,737
851,68,73,63707160,851,737
852,94,123,63719801,852,737
853,115,102,63785576,853,738
854,129,141,63860943,854,739
855,51,75,64038180,855,741
856,104,55,64038934,856,741
857,15,73,64039452,857,741
858,103,101,64045049,858,741
859,112,87,64052220,859,741
860,113,93,64063343,860,741
861,65,18,64108440,861,741
862,65,19,64108440,862,741
863,9,16,64119404,863,742
864,124,102,64129897,864,742
865,8,12,64130760,865,742
866,102,94,64135724,866,742
867,52,9,64139216,867,742
868,52,0,64139216,868,742
869,52,123,64139216,869,742
870,52,122,64139216,870,742
871,52,119,64139216,871,742
872,52,118,64139216,872,742
873,52,117,64139216,873,742
874,52,128,64139216,874,742
875,52,41,64139216,875,742
876,52,63,64139216,876,742
877,52,25,64139216,877,742
878,52,40,64139216,878,742
879,52,113,64139216,879,742
880,52,62,64139216,880,742
881,52,33,64139216,881,742
882,52,20,64139216,882,742
883,52,107,64139216,883,742
884,52,39,64139216,884,742
885,52,60,64139216,885,742
886,52,105,64139216,886,742
887,52,103,64139216,887,742
888,52,101,64139216,888,742
889,52,46,64139216,889,742
890,52,97,64139216,890,742
891,52,96,64139216,891,742
892,52,94,64139216,892,742
893,52,7,64139216,893,742
894,52,93,64139216,894,742
895,52,21,64139216,895,742
896,52,24,64139216,896,742
897,52,88,64139216,897,742
898,52,59,64139216,898,742
899,52,87,64139216,899,742
900,52,58,64139216,900,742
901,52,131,64139216,901,742
902,52,83,64139216,902,742
903,52,80,64139216,903,742
904,52,133,64139216,904,742
905,99,101,64157509,905,742
906,86,147,64159025,906,742
907,123,102,64212063,907,743
908,123,94,64212063,908,743
909,121,35,64220032,909,743
910,131,128,64239804,910,743
911,131,86,64239804,911,743
912,131,85,64239804,912,743
913,79,90,64320310,913,744
914,90,79,64321800,914,744
915,130,96,64343482,915,744
916,77,103,64407329,916,745
917,77,35,64407329,917,745
918,77,124,64407329,918,745
919,77,148,64407329,919,745
920,77,9,64407329,920,745
921,77,44,64407329,921,745
922,77,38,64407329,922,745
923,77,102,64407329,923,745
924,77,95,64407329,924,745
925,77,82,64407329,925,745
926,77,37,64407329,926,745
927,27,31,64424160,927,745
928,27,17,64424160,928,745
929,91,82,64721886,929,749
930,91,117,64721886,930,749
931,91,119,64721886,931,749
932,91,112,64721886,932,749
933,91,107,64721886,933,749
934,52,91,64728947,934,749
935,52,82,64728947,935,749
936,41,105,64732363,936,749
937,41,83,64732363,937,749
938,82,77,64736144,938,749
939,27,18,64754340,939,749
940,43,35,64758055,940,749
941,17,31,64762740,941,749
942,17,3,64777560,942,749
943,52,121,64816071,943,750
944,100,77,64842468,944,750
945,91,38,64854910,945,750
946,94,102,64920587,946,751
947,75,8,64981260,947,752
948,84,85,64983420,948,752
949,59,41,64998859,949,752
950,124,83,65004087,950,752
951,140,97,65008503,951,752
952,91,116,65014453,952,752
953,35,127,65019077,953,752
954,108,127,65019888,954,752
955,81,30,65250755,955,755
956,81,34,65250755,956,755
957,81,42,65250755,957,755
958,46,95,65251956,958,755
959,46,93,65251956,959,755
960,46,109,65251956,960,755
961,46,62,65251956,961,755
962,83,124,65254512,962,755
963,91,124,65262471,963,755
964,5,65,65266537,964,755
965,120,91,65268646,965,755
966,27,19,65279700,966,755
967,92,0,65283060,967,755
968,47,5,65321100,968,756
969,5,35,65338380,969,756
970,5,106,65338380,970,756
971,1,19,65364052,971,756
972,17,27,65371260,972,756
973,91,108,65428178,973,757
974,82,91,65448446,974,757
975,124,41,65500995,975,758
976,23,146,65520030,976,758
977,23,87,65520513,977,758
978,35,77,65520697,978,758
979,42,81,65531835,979,758
980,17,19,65556540,980,758
981,17,2,65556540,981,758
982,139,67,65599154,982,759
983,94,140,65609859,983,759
984,100,43,65938297,984,763
985,126,104,65945048,985,763
986,91,130,65954339,986,763
987,76,89,65957271,987,763
988,130,91,65964626,988,763
989,126,111,65968349,989,763
990,91,21,65973640,990,763
991,76,100,66030548,991,764
992,23,33,66046799,992,764
993,73,64,66055442,993,764
994,130,38,66056190,994,764
995,104,123,66202099,995,766
996,104,111,66202099,996,766
997,48,117,66206184,997,766
998,48,23,66206184,998,766
999,48,33,66206184,999,766
1000,48,87,66206184,1000,766
1001,13,26,66321656,1001,767
1002,26,13,66381394,1002,768
1003,114,133,66469317,1003,769
1004,82,38,66470389,1004,769
1005,85,133,66488979,1005,769
1006,23,122,66496837,1006,769
1007,48,42,66544465,1007,770
1008,48,38,66544465,1008,770
1009,48,116,66544465,1009,770
1010,48,21,66544465,1010,770
1011,48,34,66544465,1011,770
1012,48,81,66544465,1012,770
1013,115,74,66561383,1013,770
1014,16,9,66571329,1014,770
1015,74,115,66575736,1015,770
1016,65,69,66634258,1016,771
1017,9,72,66634951,1017,771
1018,27,139,66638361,1018,771
1019,9,20,66640931,1019,771
1020,9,60,66641871,1020,771
1021,9,70,66641871,1021,771
1022,9,24,66641871,1022,771
1023,56,74,66654301,1023,771
1024,108,53,66658398,1024,771
1025,23,133,66713741,1025,772
1026,86,133,66725058,1026,772
1027,133,86,66725412,1027,772
1028,66,79,66751256,1028,772
1029,91,44,66811358,1029,773
1030,106,68,67055460,1030,776
1031,91,67,67058057,1031,776
1032,43,124,67059917,1032,776
1033,43,102,67059917,1033,776
1034,43,9,67059917,1034,776
1035,106,64,67073510,1035,776
1036,9,25,67087457,1036,776
1037,123,104,67089450,1037,776
1038,37,56,67091837,1038,776
1039,122,23,67153873,1039,777
1040,23,112,67235080,1040,778
1041,12,56,67237518,1041,778
1042,131,130,67246488,1042,778
1043,131,96,67246488,1043,778
1044,131,0,67246488,1044,778
1045,131,92,67246488,1045,778
1046,9,95,67252674,1046,778
1047,124,105,67258387,1047,778
1048,124,59,67258387,1048,778
1049,124,56,67258387,1049,778
1050,124,97,67258387,1050,778
1051,124,63,67258387,1051,778
1052,91,106,67268187,1052,778
1053,91,78,67324786,1053,779
1054,13,64,67332122,1054,779
1055,57,106,67442640,1055,780
1056,136,85,67617883,1056,782
1057,136,147,67617883,1057,782
1058,49,5,67665675,1058,783
1059,100,76,67669710,1059,783
1060,133,128,67697915,1060,783
1061,133,131,67697915,1061,783
1062,133,130,67697915,1062,783
1063,133,96,67697915,1063,783
1064,122,42,67767519,1064,784
1065,33,23,67775510,1065,784
1066,23,0,67924614,1066,786
1067,91,122,67926475,1067,786
1068,5,49,67934708,1068,786
1069,82,122,67944500,1069,786
1070,37,106,67948680,1070,786
1071,32,111,68018635,1071,787
1072,72,53,68208600,1072,789
1073,72,106,68208600,1073,789
1074,5,66,68308986,1074,790
1075,82,124,68439208,1075,792
1076,13,72,68442203,1076,792
1077,9,37,68450320,1077,792
1078,26,64,68464654,1078,792
1079,9,124,68524649,1079,793
1080,64,15,68535062,1080,793
1081,64,51,68535062,1081,793
1082,64,74,68535062,1082,793
1083,64,26,68535062,1083,793
1084,64,13,68535062,1084,793
1085,64,66,68535062,1085,793
1086,106,91,68556337,1086,793
1087,12,5,68558418,1087,793
1088,12,75,68563657,1088,793
1089,5,64,68629292,1089,794
1090,72,9,68647482,1090,794
1091,5,15,68878310,1091,797
1092,75,102,68881744,1092,797
1093,16,40,68887862,1093,797
1094,104,126,68900537,1094,797
1095,104,99,68900537,1095,797
1096,16,70,68905690,1096,797
1097,16,55,68905690,1097,797
1098,91,48,68912449,1098,797
1099,37,36,68943780,1099,797
1100,64,5,68974528,1100,798
1101,23,85,69039559,1101,799
1102,43,91,69045568,1102,799
1103,12,121,69056162,1103,799
1104,64,49,69058307,1104,799
1105,64,12,69058307,1105,799
1106,64,47,69058307,1106,799
1107,64,8,69058307,1107,799
1108,64,75,69058307,1108,799
1109,64,53,69066088,1109,799
1110,41,56,69068901,1110,799
1111,91,68,69071490,1111,799
1112,15,35,69137378,1112,800
1113,48,68,69137700,1113,800
1114,75,115,69143403,1114,800
1115,5,12,69168681,1115,800
1116,122,116,69222144,1116,801
1117,122,119,69222144,1117,801
1118,48,91,69225226,1118,801
1119,48,22,69225226,1119,801
1120,72,22,69227325,1120,801
1121,100,41,69229571,1121,801
1122,22,106,69250803,1122,801
1123,17,139,69253012,1123,801
1124,50,68,69478898,1124,804
1125,5,47,69483144,1125,804
1126,5,8,69483144,1126,804
1127,121,56,69489575,1127,804
1128,116,82,69568680,1128,805
1129,50,125,69603608,1129,805
1130,72,50,69604532,1130,805
1131,50,149,69651325,1131,806
1132,149,50,69662953,1132,806
1133,72,130,69673740,1133,806
1134,72,16,69673740,1134,806
1135,72,112,69673740,1135,806
1136,72,108,69691796,1136,806
1137,72,91,69691796,1137,806
1138,72,38,69691796,1138,806
1139,72,82,69691796,1139,806
1140,72,13,69691796,1140,806
1141,50,22,69738367,1141,807
1142,50,73,69738683,1142,807
1143,13,15,69768254,1143,807
1144,13,22,69834395,1144,808
1145,90,77,69847875,1145,808
1146,19,31,69852882,1146,808
1147,75,40,69853482,1147,808
1148,54,19,69856011,1148,808
1149,22,68,70081719,1149,811
1150,1,2,70092768,1150,811
1151,19,2,70101552,1151,811
1152,19,67,70101552,1152,811
1153,48,122,70102726,1153,811
1154,48,119,70102726,1154,811
1155,48,107,70102726,1155,811
1156,48,82,70102726,1156,811
1157,66,5,70115142,1157,811
1158,106,9,70116642,1158,811
1159,106,16,70116642,1159,811
1160,106,82,70116642,1160,811
1161,106,130,70116642,1161,811
1162,106,10,70116642,1162,811
1163,106,76,70116642,1163,811
1164,17,69,70185681,1164,812
1165,108,35,70200290,1165,812
1166,129,128,70236974,1166,812
1167,129,131,70236974,1167,812
1168,129,133,70236974,1168,812
1169,129,147,70236974,1169,812
1170,68,22,70260981,1170,813
1171,68,50,70260981,1171,813
1172,48,37,70262811,1172,813
1173,127,9,70279138,1173,813
1174,127,120,70279138,1174,813
1175,127,73,70279138,1175,813
1176,127,64,70279138,1176,813
1177,127,65,70279138,1177,813
1178,127,108,70279138,1178,813
1179,127,50,70279138,1179,813
1180,127,35,70279138,1180,813
1181,127,68,70279138,1181,813
1182,127,125,70279138,1182,813
1183,133,132,70280400,1183,813
1184,133,136,70280400,1184,813
1185,133,141,70280400,1185,813
1186,133,129,70280400,1186,813
1187,133,84,70280400,1187,813
1188,133,147,70280400,1188,813
1189,108,19,70282773,1189,813
1190,50,72,70284339,1190,813
1191,22,53,70291572,1191,813
1192,22,64,70291572,1192,813
1193,22,13,70291572,1193,813
1194,22,50,70291572,1194,813
1195,22,72,70291572,1195,813
1196,53,127,70313039,1196,813
1197,19,108,70348488,1197,814
1198,65,121,70355480,1198,814
1199,22,48,70368419,1199,814
1200,13,135,70431022,1200,815
1201,13,73,70431785,1201,815
1202,100,95,70438541,1202,815
1203,116,76,70439835,1203,815
1204,19,135,70451675,1204,815
1205,146,13,70451854,1205,815
1206,18,3,70689480,1206,818
1207,53,120,70695335,1207,818
1208,139,2,70702998,1208,818
1209,108,106,70711600,1209,818
1210,75,83,70714492,1210,818
1211,91,43,70725472,1211,818
1212,108,91,70775883,1212,819
1213,100,56,70777700,1213,819
1214,127,31,70779192,1214,819
1215,127,135,70779192,1215,819
1216,127,139,70779192,1216,819
1217,127,91,70779192,1217,819
1218,127,22,70779192,1218,819
1219,127,37,70779192,1219,819
1220,127,77,70779192,1220,819
1221,108,47,70804170,1221,819
1222,108,5,70804170,1222,819
1223,53,35,70805505,1223,819
1224,22,146,70860569,1224,820
1225,126,113,70863985,1225,820
1226,64,29,70892074,1226,820
1227,19,3,70973459,1227,821
1228,106,119,70984156,1228,821
1229,106,118,70984156,1229,821
1230,106,41,70984156,1230,821
1231,100,116,71035882,1231,822
1232,77,110,71299736,1232,825
1233,76,16,71305692,1233,825
1234,95,100,71322201,1234,825
1235,50,53,71322210,1235,825
1236,28,18,71330248,1236,825
1237,28,139,71330248,1237,825
1238,28,1,71330248,1238,825
1239,28,69,71330248,1239,825
1240,28,3,71330248,1240,825
1241,28,19,71330248,1241,825
1242,50,106,71377377,1242,826
1243,50,65,71377377,1243,826
1244,146,22,71379904,1244,826
1245,9,105,71380263,1245,826
1246,8,5,71383102,1246,826
1247,111,104,71392593,1247,826
1248,32,10,71408635,1248,826
1249,21,82,71472746,1249,827
1250,21,119,71472746,1250,827
1251,21,44,71472746,1251,827
1252,6,24,71473200,1252,827
1253,37,71,71475775,1253,827
1254,5,51,71485198,1254,827
1255,77,99,71554772,1255,828
1256,26,5,71558913,1256,828
1257,131,133,71577139,1257,828
1258,117,91,71577736,1258,828
1259,128,85,71604580,1259,828
1260,32,9,71902639,1260,832
1261,64,73,71907054,1261,832
1262,108,120,71909350,1262,832
1263,91,23,71934740,1263,832
1264,23,91,71984655,1264,833
1265,38,119,71985646,1265,833
1266,102,106,71997664,1266,833
1267,149,64,72006541,1267,833
1268,149,35,72006541,1268,833
1269,64,50,72015787,1269,833
1270,75,97,72086501,1270,834
1271,35,53,72172367,1271,835
1272,35,121,72172367,1272,835
1273,125,14,72176245,1273,835
1274,125,143,72176245,1274,835
1275,125,40,72176245,1275,835
1276,125,90,72176245,1276,835
1277,125,24,72176245,1277,835
1278,125,89,72176245,1278,835
1279,125,30,72176245,1279,835
1280,125,58,72176245,1280,835
1281,125,146,72176245,1281,835
1282,125,79,72176245,1282,835
1283,125,60,72176245,1283,835
1284,125,55,72176245,1284,835
1285,125,93,72176245,1285,835
1286,125,70,72176245,1286,835
1287,125,9,72176245,1287,835
1288,125,124,72176245,1288,835
1289,125,121,72176245,1289,835
1290,125,73,72176245,1290,835
1291,125,50,72176245,1291,835
1292,125,149,72176245,1292,835
1293,125,35,72176245,1293,835
1294,125,53,72176245,1294,835
1295,125,67,72176245,1295,835
1296,125,65,72176245,1296,835
1297,125,28,72176245,1297,835
1298,125,106,72176245,1298,835
1299,125,38,72176245,1299,835
1300,125,112,72176245,1300,835
1301,125,16,72176245,1301,835
1302,125,95,72176245,1302,835
1303,125,91,72176245,1303,835
1304,125,22,72176245,1304,835
1305,125,82,72176245,1305,835
1306,125,37,72176245,1306,835
1307,125,78,72176245,1307,835
1308,125,77,72176245,1308,835
1309,125,126,72176245,1309,835
1310,125,122,72176245,1310,835
1311,125,99,72176245,1311,835
1312,125,44,72176245,1312,835
1313,125,43,72176245,1313,835
1314,125,76,72176245,1314,835
1315,125,33,72176245,1315,835
1316,125,10,72176245,1316,835
1317,125,130,72176245,1317,835
1318,125,104,72176245,1318,835
1319,125,102,72176245,1319,835
1320,125,120,72176245,1320,835
1321,9,13,72183392,1321,835
1322,32,55,72188417,1322,835
1323,50,91,72190538,1323,835
1324,108,50,72191744,1324,835
1325,125,108,72243689,1325,836
1326,125,68,72243689,1326,836
1327,9,39,72254303,1327,836
1328,9,40,72254303,1328,836
1329,50,108,72260260,1329,836
1330,100,103,72272776,1330,836
1331,19,27,72340244,1331,837
1332,125,64,72356464,1332,837
1333,55,32,72501645,1333,839
1334,55,37,72502148,1334,839
1335,114,85,72513873,1335,839
1336,12,32,72530763,1336,839
1337,100,126,72588468,1337,840
1338,82,53,72588906,1338,840
1339,116,83,72595593,1339,840
1340,27,2,72599136,1340,840
1341,16,123,72605670,1341,840
1342,16,102,72605670,1342,840
1343,16,94,72605670,1343,840
1344,41,116,72607123,1344,840
1345,116,41,72607596,1345,840
1346,65,125,72615103,1346,840
1347,72,4,72618966,1347,840
1348,53,64,72643562,1348,840
1349,76,116,72685738,1349,841
1350,6,11,72687386,1350,841
1351,106,72,72710132,1351,841
1352,112,23,72770139,1352,842
1353,116,107,72779371,1353,842
1354,70,115,72791421,1354,842
1355,15,50,72792749,1355,842
1356,50,31,72847871,1356,843
1357,22,26,72864227,1357,843
1358,53,125,73130229,1358,846
1359,53,50,73130229,1359,846
1360,72,32,73286185,1360,848
1361,10,11,73304719,1361,848
1362,91,22,73318429,1362,848
1363,120,78,73326061,1363,848
1364,22,91,73395503,1364,849
1365,78,120,73459945,1365,850
1366,78,106,73459945,1366,850
1367,78,91,73459945,1367,850
1368,5,120,73718932,1368,853
1369,5,26,73725927,1369,853
1370,13,68,73729431,1370,853
1371,1,3,73733024,1371,853
1372,90,32,73734176,1372,853
1373,50,121,73818249,1373,854
1374,50,64,73818249,1374,854
1375,50,35,73818249,1375,854
1376,125,15,73827667,1376,854
1377,23,107,73894612,1377,855
1378,34,33,73902118,1378,855
1379,19,71,73922278,1379,855
1380,13,50,73971870,1380,856
1381,32,12,73982491,1381,856
1382,123,79,73988341,1382,856
1383,34,42,73992003,1383,856
1384,106,35,74000481,1384,856
1385,69,71,74065686,1385,857
1386,78,82,74073834,1386,857
1387,78,38,74073834,1387,857
1388,78,112,74073834,1388,857
1389,78,119,74073834,1389,857
1390,47,91,74074676,1390,857
1391,23,78,74315222,1391,860
1392,19,54,74321380,1392,860
1393,71,19,74337155,1393,860
1394,68,91,74405973,1394,861
1395,74,11,74410076,1395,861
1396,130,16,74421878,1396,861
1397,30,21,74426063,1397,861
1398,55,16,74427915,1398,861
1399,55,60,74427915,1399,861
1400,55,25,74427915,1400,861
1401,100,82,74427916,1401,861
1402,11,24,74437158,1402,861
1403,11,10,74437158,1403,861
1404,11,6,74437158,1404,861
1405,18,54,74490282,1405,862
1406,18,71,74490282,1406,862
1407,58,0,74494376,1407,862
1408,16,130,74496237,1408,862
1409,113,100,74512280,1409,862
1410,11,37,74519723,1410,862
1411,69,54,74587170,1411,863
1412,104,60,74588718,1412,863
1413,37,9,74591931,1413,863
1414,19,28,74594773,1414,863
1415,65,50,74602693,1415,863
1416,37,11,74610870,1416,863
1417,73,13,74611062,1417,863
1418,135,64,74673115,1418,864
1419,64,135,74674066,1419,864
1420,81,38,74678524,1420,864
1421,89,100,74692609,1421,864
1422,71,54,74931745,1422,867
1423,28,2,74939744,1423,867
1424,112,107,74941698,1424,867
1425,3,2,74948241,1425,867
1426,24,58,75003217,1426,868
1427,28,135,75008667,1427,868
1428,110,77,75012856,1428,868
1429,97,75,75024097,1429,868
1430,28,65,75027836,1430,868
1431,77,101,75028046,1431,868
1432,69,28,75039382,1432,868
1433,120,108,75049215,1433,868
1434,37,119,75092930,1434,869
1435,70,9,75094620,1435,869
1436,3,5,75098124,1436,869
1437,67,135,75101878,1437,869
1438,18,28,75102487,1438,869
1439,68,13,75103547,1439,869
1440,68,64,75103547,1440,869
1441,133,85,75105737,1441,869
1442,69,17,75118141,1442,869
1443,106,20,75182245,1443,870
1444,106,103,75182245,1444,870
1445,106,101,75182245,1445,870
1446,106,11,75182245,1446,870
1447,106,46,75182245,1447,870
1448,3,19,75187713,1448,870
1449,3,139,75187713,1449,870
1450,107,112,75190316,1450,870
1451,54,69,75193785,1451,870
1452,78,79,75195582,1452,870
1453,39,56,75202434,1453,870
1454,97,56,75205305,1454,870
1455,20,108,75211346,1455,870
1456,56,6,75213195,1456,870
1457,114,86,75218885,1457,870
1458,3,71,75275939,1458,871
1459,139,3,75279036,1459,871
1460,139,71,75279036,1460,871
1461,60,116,75279897,1461,871
1462,43,88,75280288,1462,871
1463,69,3,75281458,1463,871
1464,87,23,75459157,1464,873
1465,64,149,75528875,1465,874
1466,18,2,75531538,1466,874
1467,130,20,75537438,1467,874
1468,121,78,75544536,1468,874
1469,11,74,75553224,1469,874
1470,139,54,75554233,1470,874
1471,31,2,75558956,1471,874
1472,71,139,75561532,1472,874
1473,50,15,75568994,1473,874
1474,116,24,75574953,1474,874
1475,116,70,75574953,1475,874
1476,121,108,75625143,1476,875
1477,16,116,75626002,1477,875
1478,123,16,75632833,1478,875
1479,26,112,75640372,1479,875
1480,11,56,75645922,1480,875
1481,120,149,75710150,1481,876
1482,79,123,75717462,1482,876
1483,24,0,75721079,1483,876
1484,108,121,75721873,1484,876
1485,3,31,75726049,1485,876
1486,129,132,75728533,1486,876
1487,129,136,75728533,1487,876
1488,129,84,75728533,1488,876
1489,30,125,75728623,1489,876
1490,100,93,75783637,1490,877
1491,106,28,75815106,1491,877
1492,120,73,75897386,1492,878
1493,120,64,75897386,1493,878
1494,120,65,75897386,1494,878
1495,120,50,75897386,1495,878
1496,120,125,75897386,1496,878
1497,120,35,75897386,1497,878
1498,120,67,75897386,1498,878
1499,120,38,75901017,1499,878
1500,120,119,75901017,1500,878
1501,120,21,75901017,1501,878
1502,120,34,75901017,1502,878
1503,120,30,75901017,1503,878
1504,120,82,75901017,1504,878
1505,120,122,75901017,1505,878
1506,120,117,75901017,1506,878
1507,120,33,75901017,1507,878
1508,120,112,75901017,1508,878
1509,120,107,75901017,1509,878
1510,120,23,75901017,1510,878
1511,120,87,75901017,1511,878
1512,120,44,75901017,1512,878
1513,120,99,75901017,1513,878
1514,120,104,75901017,1514,878
1515,120,105,75901017,1515,878
1516,120,83,75901017,1516,878
1517,120,124,75901017,1517,878
1518,120,41,75901017,1518,878
1519,120,97,75901017,1519,878
1520,120,63,75901017,1520,878
1521,120,46,75901017,1521,878
1522,120,118,75901017,1522,878
1523,120,62,75901017,1523,878
1524,120,95,75901017,1524,878
1525,120,43,75901017,1525,878
1526,120,110,75901017,1526,878
1527,120,101,75901017,1527,878
1528,120,103,75901017,1528,878
1529,120,115,75901017,1529,878
1530,120,57,75901017,1530,878
1531,120,94,75901017,1531,878
1532,120,102,75901017,1532,878
1533,120,25,75901017,1533,878
1534,120,20,75901017,1534,878
1535,120,40,75901017,1535,878
1536,120,9,75901017,1536,878
1537,50,120,75904761,1537,878
1538,17,28,76139874,1538,881
1539,81,119,76142342,1539,881
1540,81,21,76142342,1540,881
1541,91,121,76144723,1541,881
1542,19,17,76151467,1542,881
1543,97,83,76152423,1543,881
1544,103,43,76154068,1544,881
1545,11,25,76159529,1545,881
1546,95,124,76160199,1546,881
1547,35,43,76218503,1547,882
1548,2,28,76226424,1548,882
1549,2,19,76226457,1549,882
1550,50,9,76247739,1550,882
1551,3,135,76309606,1551,883
1552,51,74,76310932,1552,883
1553,35,106,76316110,1553,883
1554,16,95,76324491,1554,883
1555,28,31,76324665,1555,883
1556,2,135,76326572,1556,883
1557,10,56,76331234,1557,883
1558,110,46,76334987,1558,883
1559,110,100,76334987,1559,883
1560,64,106,76335141,1560,883
1561,37,116,76393914,1561,884
1562,71,69,76398374,1562,884
1563,32,11,76405047,1563,884
1564,32,92,76405047,1564,884
1565,43,46,76407391,1565,884
1566,37,100,76474729,1566,885
1567,128,133,76496280,1567,885
1568,20,16,76501212,1568,885
1569,58,104,76504108,1569,885
1570,58,9,76504108,1570,885
1571,58,40,76504108,1571,885
1572,58,32,76504108,1572,885
1573,58,37,76504108,1573,885
1574,58,101,76504108,1574,885
1575,58,95,76504108,1575,885
1576,58,124,76504108,1576,885
1577,58,105,76504108,1577,885
1578,104,58,76509239,1578,885
1579,20,9,76574076,1579,886
1580,20,70,76574076,1580,886
1581,67,50,76731651,1581,888
1582,7,126,76735585,1582,888
1583,55,24,76744277,1583,888
1584,71,2,76746667,1584,888
1585,71,67,76746667,1585,888
1586,71,3,76746667,1586,888
1587,147,132,76747521,1587,888
1588,104,41,76755880,1588,888
1589,104,124,76755880,1589,888
1590,91,26,76762132,1590,888
1591,39,40,76762277,1591,888
1592,60,96,76829336,1592,889
1593,73,53,76830234,1593,889
1594,135,54,76836033,1594,889
1595,135,29,76850100,1595,889
1596,67,71,76906030,1596,890
1597,102,80,76920264,1597,890
1598,103,118,76922468,1598,890
1599,16,83,76934653,1599,890
1600,57,115,76939289,1600,890
1601,57,118,76939289,1601,890
1602,57,94,76939289,1602,890
1603,57,79,76939289,1603,890
1604,2,71,77004081,1604,891
1605,78,99,77005187,1605,891
1606,25,55,77019536,1606,891
1607,100,46,77023215,1607,891
1608,104,83,77089705,1608,892
1609,56,124,77099200,1609,892
1610,57,125,77099744,1610,892
1611,91,51,77102280,1611,892
1612,71,29,77112855,1612,892
1613,72,18,77119258,1613,892
1614,72,3,77119258,1614,892
1615,60,11,77341453,1615,895
1616,10,22,77350347,1616,895
1617,44,112,77354779,1617,895
1618,108,77,77356904,1618,895
1619,118,57,77357438,1619,895
1620,118,102,77357438,1620,895
1621,118,43,77357438,1621,895
1622,99,104,77360111,1622,895
1623,15,13,77360118,1623,895
1624,44,78,77360327,1624,895
1625,35,76,77360647,1625,895
1626,43,118,77361046,1626,895
1627,76,35,77361242,1627,895
1628,32,103,77361773,1628,895
1629,103,32,77361847,1629,895
1630,35,64,77362001,1630,895
1631,124,43,77364582,1631,895
1632,124,16,77364582,1632,895
1633,102,118,77364901,1633,895
1634,96,130,77365020,1634,895
1635,96,0,77365020,1635,895
1636,79,102,77447823,1636,896
1637,135,13,77454635,1637,896
1638,112,78,77465118,1638,896
1639,16,41,77478555,1639,896
1640,38,30,77510545,1640,897
1641,38,21,77510545,1641,897
1642,38,91,77510545,1642,897
1643,1,125,77516779,1643,897
1644,118,53,77521018,1644,897
1645,89,128,77527873,1645,897
1646,89,133,77527873,1646,897
1647,126,88,77550271,1647,897
1648,126,109,77550271,1648,897
1649,73,65,77550332,1649,897
1650,73,28,77550332,1650,897
1651,73,139,77550332,1651,897
1652,35,125,77551799,1652,897
1653,78,26,77551823,1653,897
1654,106,50,77556759,1654,897
1655,116,89,77599103,1655,898
1656,65,73,77599933,1656,898
1657,46,100,77614064,1657,898
1658,16,124,77619265,1658,898
1659,22,108,77620614,1659,898
1660,54,139,77621414,1660,898
1661,60,41,77623830,1661,898
1662,118,95,77629807,1662,898
1663,40,60,77630124,1663,898
1664,40,25,77630124,1664,898
1665,40,39,77630124,1665,898
1666,40,24,77630124,1666,898
1667,95,118,77630966,1667,898
1668,9,102,77631874,1668,898
1669,31,50,77686665,1669,899
1670,30,38,77693912,1670,899
1671,27,71,77696262,1671,899
1672,118,106,77704427,1672,899
1673,41,104,77707764,1673,899
1674,37,20,77707902,1674,899
1675,71,18,77708078,1675,899
1676,13,5,77709615,1676,899
1677,77,5,77712660,1677,899
1678,106,56,77716803,1678,899
1679,78,83,77718443,1679,899
1680,43,16,77792090,1680,900
1681,15,5,77963194,1681,902
1682,113,7,77963266,1682,902
1683,49,75,77964173,1683,902
1684,54,18,77967160,1684,902
1685,12,74,77971732,1685,902
1686,121,125,77975159,1686,902
1687,13,106,77977078,1687,902
1688,13,121,77977078,1688,902
1689,104,143,77979826,1689,902
1690,106,5,77980830,1690,902
1691,43,83,78027865,1691,903
1692,115,79,78052409,1692,903
1693,34,81,78053083,1693,903
1694,99,77,78057013,1694,903
1695,5,75,78061192,1695,903
1696,76,124,78062927,1696,903
1697,110,93,78064102,1697,903
1698,20,83,78068732,1698,903
1699,126,118,78117160,1699,904
1700,126,46,78117160,1700,904
1701,126,100,78117160,1701,904
1702,126,7,78117160,1702,904
1703,126,93,78117160,1703,904
1704,126,80,78117160,1704,904
1705,83,90,78126199,1705,904
1706,26,12,78126718,1706,904
1707,108,15,78127684,1707,904
1708,30,119,78128185,1708,904
1709,15,108,78131714,1709,904
1710,16,126,78209028,1710,905
1711,101,77,78215401,1711,905
1712,5,83,78225676,1712,905
1713,83,20,78305736,1713,906
1714,40,16,78315366,1714,906
1715,72,45,78326855,1715,906
1716,56,12,78390482,1716,907
1717,106,45,78549345,1717,909
1718,29,135,78555420,1718,909
1719,59,105,78565568,1719,909
1720,93,100,78568765,1720,909
1721,148,45,78576831,1721,909
1722,45,106,78587379,1722,909
1723,126,20,78636187,1723,910
1724,126,39,78636187,1724,910
1725,126,16,78636193,1725,910
1726,126,9,78636193,1726,910
1727,126,25,78636193,1727,910
1728,126,40,78636193,1728,910
1729,126,60,78636193,1729,910
1730,126,24,78636193,1730,910
1731,26,91,78646204,1731,910
1732,26,81,78646204,1732,910
1733,53,148,78647538,1733,910
1734,91,81,78647818,1734,910
1735,7,113,78649531,1735,910
1736,122,81,78657979,1736,910
1737,54,71,78660600,1737,910
1738,108,65,78728302,1738,911
1739,46,101,78731348,1739,911
1740,32,40,78732146,1740,911
1741,126,70,78734390,1741,911
1742,148,50,78751137,1742,911
1743,148,64,78751137,1743,911
1744,148,35,78751137,1744,911
1745,148,67,78751137,1745,911
1746,148,28,78751137,1746,911
1747,148,149,78751137,1747,911
1748,100,37,78753464,1748,911
1749,100,20,78753464,1749,911
1750,100,83,78753464,1750,911
1751,100,119,78753464,1751,911
1752,100,110,78753464,1752,911
1753,106,57,78761363,1753,911
1754,73,149,78776146,1754,911
1755,67,1,78818136,1755,912
1756,75,11,78819414,1756,912
1757,11,75,78820371,1757,912
1758,45,53,78821628,1758,912
1759,70,126,78828724,1759,912
1760,110,108,78831816,1760,912
1761,50,45,78841642,1761,912
1762,6,37,78898033,1762,913
1763,22,31,78915440,1763,913
1764,77,57,79153368,1764,916
1765,112,91,79161019,1765,916
1766,50,148,79162368,1766,916
1767,67,29,79162768,1767,916
1768,111,126,79164054,1768,916
1769,122,38,79166372,1769,916
1770,121,106,79179742,1770,916
1771,29,139,79184787,1771,916
1772,29,19,79184787,1772,916
1773,139,29,79185339,1773,916
1774,121,64,79185649,1774,916
1775,20,55,79190473,1775,916
1776,104,118,79192084,1776,916
1777,104,113,79192084,1777,916
1778,104,109,79192084,1778,916
1779,104,100,79192084,1779,916
1780,104,95,79192084,1780,916
1781,104,7,79192084,1781,916
1782,104,93,79192084,1782,916
1783,104,88,79192084,1783,916
1784,104,80,79192084,1784,916
1785,57,101,79244765,1785,917
1786,63,125,79251612,1786,917
1787,118,63,79255862,1787,917
1788,79,94,79258529,1788,917
1789,7,125,79261861,1789,917
1790,22,112,79266980,1790,917
1791,54,29,79270195,1791,917
1792,105,53,79270830,1792,917
1793,63,53,79271376,1793,917
1794,106,97,79275344,1794,917
1795,104,46,79277361,1795,917
1796,15,64,79279963,1796,917
1797,112,22,79324458,1797,918
1798,29,54,79330442,1798,918
1799,24,6,79342412,1799,918
1800,53,63,79348666,1800,918
1801,4,22,79361403,1801,918
1802,69,29,79414046,1802,919
1803,97,106,79418607,1803,919
1804,37,22,79420492,1804,919
1805,26,106,79425866,1805,919
1806,57,53,79426786,1806,919
1807,24,126,79427450,1807,919
1808,120,16,79431973,1808,919
1809,53,57,79436646,1809,919
1810,9,53,79503059,1810,920
1811,35,50,79509739,1811,920
1812,126,0,79511077,1812,920
1813,126,116,79511077,1813,920
1814,126,11,79511077,1814,920
1815,126,96,79511077,1815,920
1816,126,37,79511077,1816,920
1817,126,32,79511077,1817,920
1818,126,10,79511077,1818,920
1819,10,126,79512046,1819,920
1820,53,9,79515613,1820,920
1821,32,126,79515756,1821,920
1822,29,3,79525063,1822,920
1823,68,35,79525366,1823,920
1824,68,45,79525366,1824,920
1825,18,29,79529613,1825,920
1826,19,29,79532864,1826,920
1827,56,106,79602783,1827,921
1828,93,118,79761152,1828,923
1829,139,28,79764328,1829,923
1830,29,71,79765961,1830,923
1831,8,97,79777501,1831,923
1832,8,75,79777501,1832,923
1833,106,66,79784077,1833,923
1834,107,122,79840797,1834,924
1835,77,46,79843797,1835,924
1836,77,100,79843797,1836,924
1837,77,93,79843797,1837,924
1838,29,18,79856574,1838,924
1839,118,103,79856855,1839,924
1840,29,17,79858704,1840,924
1841,88,118,79865056,1841,924
1842,87,112,79870262,1842,924
1843,74,64,79872984,1843,924
1844,35,108,79878096,1844,924
1845,40,32,79878785,1845,924
1846,40,37,79878785,1846,924
1847,50,26,79883272,1847,924
1848,29,69,79933537,1848,925
1849,69,67,79937843,1849,925
1850,67,69,79943560,1850,925
1851,67,18,79958091,1851,925
1852,18,67,79958094,1852,925
1853,139,72,80198559,1853,928
1854,106,74,80300583,1854,929
1855,106,22,80369120,1855,930
1856,1,67,80390037,1856,930
1857,9,90,80392138,1857,930
1858,30,44,80452139,1858,931
1859,74,106,80458446,1859,931
1860,44,30,80461222,1860,931
1861,95,56,80464246,1861,931
1862,60,104,80464345,1862,931
1863,15,120,80494797,1863,931
1864,17,29,80545506,1864,932
1865,60,40,80561788,1865,932
1866,66,91,80574066,1866,932
1867,100,118,80635501,1867,933
1868,100,109,80635501,1868,933
1869,100,88,80635501,1869,933
1870,118,100,80637096,1870,933
1871,101,90,80980956,1871,937
1872,17,67,81052449,1872,938
1873,1,29,81058957,1873,938
1874,22,45,81088962,1874,938
1875,121,45,81090929,1875,938
1876,45,121,81144599,1876,939
1877,74,66,81183258,1877,939
1878,93,83,81233463,1878,940
1879,32,23,81246746,1879,940
1880,132,85,81284796,1880,940
1881,50,13,81314589,1881,941
1882,89,76,81320556,1882,941
1883,28,125,81322083,1883,941
1884,28,53,81322083,1884,941
1885,56,90,81326132,1885,941
1886,67,54,81330039,1886,941
1887,76,106,81338518,1887,941
1888,37,40,81660246,1888,945
1889,37,39,81660246,1889,945
1890,39,123,81671521,1890,945
1891,8,51,81681190,1891,945
1892,8,26,81681190,1892,945
1893,96,128,81684477,1893,945
1894,22,4,81696488,1894,945
1895,82,116,81747383,1895,946
1896,70,83,81843203,1896,947
1897,70,39,81843203,1897,947
1898,51,135,81843377,1898,947
1899,39,83,81844503,1899,947
1900,82,83,81844766,1900,947
1901,106,0,81845363,1901,947
1902,106,96,81845363,1902,947
1903,135,51,81845829,1903,947
1904,8,74,81851961,1904,947
1905,74,8,81852487,1905,947
1906,22,128,81934860,1906,948
1907,22,131,81934860,1907,948
1908,22,38,82178369,1908,951
1909,38,22,82182410,1909,951
1910,11,32,82201050,1910,951
1911,149,45,82203819,1911,951
1912,93,110,82270278,1912,952
1913,54,74,82358929,1913,953
1914,54,40,82358929,1914,953
1915,90,56,82359939,1915,953
1916,123,111,82360233,1916,953
1917,120,26,82450161,1917,954
1918,83,59,82968365,1918,960
1919,51,13,82968807,1919,960
1920,16,76,83060511,1920,961
1921,8,91,83063880,1921,961
1922,8,128,83085872,1922,961
1923,8,131,83085872,1923,961
1924,17,65,83140962,1924,962
1925,12,106,83142403,1925,962
1926,106,12,83147887,1926,962
1927,29,67,83152930,1927,962
1928,91,8,83316728,1928,964
1929,108,73,83396208,1929,965
1930,106,78,83406403,1930,965
1931,133,142,83408742,1931,965
1932,133,98,83408742,1932,965
1933,17,71,83412876,1933,965
1934,17,54,83412876,1934,965
1935,121,149,83516126,1935,966
1936,121,77,83567621,1936,967
1937,116,122,83671055,1937,968
1938,19,65,83680196,1938,968
1939,37,95,83682850,1939,968
1940,37,43,83682850,1940,968
1941,37,102,83682850,1941,968
1942,37,124,83682850,1942,968
1943,91,53,83948612,1943,971
1944,69,72,84001104,1944,972
1945,78,44,84014361,1945,972
1946,88,74,84014954,1946,972
1947,122,26,84017862,1947,972
1948,122,91,84017862,1948,972
1949,78,8,84027545,1949,972
1950,102,79,84104592,1950,973
1951,149,120,84172469,1951,974
1952,78,131,84176630,1952,974
1953,49,51,84254783,1953,975
1954,3,27,84256514,1954,975
1955,64,148,84264743,1955,975
1956,86,84,84265792,1956,975
1957,106,52,84277835,1957,975
1958,102,95,84278168,1958,975
1959,120,45,84292885,1959,975
1960,95,102,84341684,1960,976
1961,45,120,84343118,1961,976
1962,104,16,84346381,1962,976
1963,16,104,84347159,1963,976
1964,111,124,84347686,1964,976
1965,2,29,84352136,1965,976
1966,2,3,84352136,1966,976
1967,3,29,84352887,1967,976
1968,45,68,84357123,1968,976
1969,45,143,84357123,1969,976
1970,111,99,84361492,1970,976
1971,132,98,84566906,1971,978
1972,105,83,84617291,1972,979
1973,97,118,84617758,1973,979
1974,128,22,84732560,1974,980
1975,78,122,84781578,1975,981
1976,92,86,84790537,1976,981
1977,31,5,84799182,1977,981
1978,82,117,84867904,1978,982
1979,126,143,84868701,1979,982
1980,78,126,84870172,1980,982
1981,126,78,84874268,1981,982
1982,4,72,84878603,1982,982
1983,106,108,84895178,1983,982
1984,27,3,84940428,1984,983
1985,27,29,84940428,1985,983
1986,104,9,84955173,1986,983
1987,108,44,84961895,1987,983
1988,3,69,84965598,1988,983
1989,112,106,84965818,1989,983
1990,124,91,85250477,1990,986
1991,124,53,85250477,1991,986
1992,124,106,85250477,1992,986
1993,117,82,85289149,1993,987
1994,51,12,85300975,1994,987
1995,51,49,85300975,1995,987
1996,77,45,85306628,1996,987
1997,20,124,85396239,1997,988
1998,98,129,85476047,1998,989
1999,76,53,85491222,1999,989
2000,3,18,85553447,2000,990
2001,98,133,85613500,2001,990
2002,124,111,85819813,2002,993
2003,16,93,85831103,2003,993
2004,82,9,85835391,2004,993
2005,82,95,85835391,2005,993
2006,82,16,85835391,2006,993
2007,82,102,85835391,2007,993
2008,82,44,85835391,2008,993
2009,82,112,85835391,2009,993
2010,93,90,85839869,2010,993
2011,132,86,85850026,2011,993
2012,16,82,85859460,2012,993
2013,24,124,85907222,2013,994
2014,64,22,85931556,2014,994
2015,124,148,85985162,2015,995
2016,8,44,85986033,2016,995
2017,8,38,85986033,2017,995
2018,8,112,85986033,2018,995
2019,8,82,85986033,2019,995
2020,8,78,85986033,2020,995
2021,148,82,85989889,2021,995
2022,148,95,85989889,2022,995
2023,148,78,85989889,2023,995
2024,95,120,85990020,2024,995
2025,95,82,85990020,2025,995
2026,95,78,85990020,2026,995
2027,22,5,85997935,2027,995
2028,82,87,86001720,2028,995
2029,99,111,86002290,2029,995
2030,148,124,86083489,2030,996
2031,117,87,86084246,2031,996
2032,82,64,86088094,2032,996
2033,113,94,86094121,2033,996
2034,1,71,86099178,2034,996
2035,130,146,86108901,2035,996
2036,102,124,86156583,2036,997
2037,87,117,86158307,2037,997
2038,91,76,86175738,2038,997
2039,31,22,86176467,2039,997
2040,143,111,86185721,2040,997
2041,26,74,86261709,2041,998
2042,122,82,86418099,2042,1000
2043,111,143,86418978,2043,1000
2044,124,9,86424085,2044,1000
2045,148,9,86427670,2045,1000
2046,148,24,86427670,2046,1000
2047,49,74,86442350,2047,1000
2048,82,5,86498817,2048,1001
2049,20,126,86502199,2049,1001
2050,113,51,86502335,2050,1001
2051,67,3,86503407,2051,1001
2052,9,126,86506842,2052,1001
2053,124,15,86509088,2053,1001
2054,106,117,86532104,2054,1001
2055,148,91,86537688,2055,1001
2056,148,5,86537688,2056,1001
2057,148,22,86537688,2057,1001
2058,148,37,86538305,2058,1001
2059,148,26,86538305,2059,1001
2060,148,130,86538305,2060,1001
2061,148,38,86538305,2061,1001
2062,148,76,86538305,2062,1001
2063,148,16,86538305,2063,1001
2064,148,102,86538305,2064,1001
2065,148,112,86538305,2065,1001
2066,148,117,86538305,2066,1001
2067,91,148,86539249,2067,1001
2068,91,77,86539249,2068,1001
2069,91,64,86543343,2069,1001
2070,124,24,86590855,2070,1002
2071,126,124,86599117,2071,1002
2072,15,124,86601461,2072,1002
2073,78,76,86611540,2073,1002
2074,148,105,86622157,2074,1002
2075,148,93,86622157,2075,1002
2076,148,83,86622157,2076,1002
2077,148,56,86622157,2077,1002
2078,148,118,86622157,2078,1002
2079,148,100,86622157,2079,1002
2080,148,88,86622157,2080,1002
2081,148,80,86622157,2081,1002
2082,148,107,86622157,2082,1002
2083,148,146,86622157,2083,1002
2084,148,55,86622157,2084,1002
2085,148,119,86622157,2085,1002
2086,148,81,86622157,2086,1002
2087,148,128,86622157,2087,1002
2088,148,131,86622157,2088,1002
2089,148,110,86622157,2089,1002
2090,148,103,86622157,2090,1002
2091,148,101,86622157,2091,1002
2092,148,122,86622157,2092,1002
2093,148,132,86622157,2093,1002
2094,148,98,86622157,2094,1002
2095,148,86,86622157,2095,1002
2096,148,129,86622157,2096,1002
2097,148,84,86622157,2097,1002
2098,148,87,86622157,2098,1002
2099,148,123,86622157,2099,1002
2100,148,79,86622157,2100,1002
2101,148,97,86622157,2101,1002
2102,148,32,86622157,2102,1002
2103,148,25,86622157,2103,1002
2104,148,20,86622157,2104,1002
2105,148,60,86622157,2105,1002
2106,148,116,86622157,2106,1002
2107,148,89,86622157,2107,1002
2108,148,12,86622157,2108,1002
2109,51,94,86669967,2109,1003
2110,82,119,86675990,2110,1003
2111,3,54,86691437,2111,1003
2112,126,102,87019299,2112,1007
2113,126,123,87019299,2113,1007
2114,126,79,87019299,2114,1007
2115,126,83,87019299,2115,1007
2116,126,105,87019299,2116,1007
2117,126,56,87019299,2117,1007
2118,118,46,87128301,2118,1008
2119,118,124,87128301,2119,1008
2120,94,74,87217959,2120,1009
2121,34,30,87220166,2121,1009
2122,100,80,87375387,2122,1011
2123,71,27,87384203,2123,1011
2124,67,17,87390154,2124,1011
2125,54,3,87741630,2125,1015
2126,51,113,87743774,2126,1015
2127,74,94,87889584,2127,1017
2128,100,124,88253913,2128,1021
2129,59,94,88324688,2129,1022
2130,1,65,88580682,2130,1025
2131,139,65,88581270,2131,1025
2132,1,54,88597078,2132,1025
2133,71,1,88834278,2133,1028
2134,27,54,89002502,2134,1030
2135,0,16,89188859,2135,1032
2136,94,51,89626517,2136,1037
2137,94,113,89697463,2137,1038
2138,113,67,89728165,2138,1038
2139,139,27,90036253,2139,1042
2140,65,54,90389093,2140,1046
2141,65,71,90389093,2141,1046
2142,65,17,90389093,2142,1046
2143,29,1,90672187,2143,1049
2144,8,113,94390069,2144,1092
2145,49,113,94641220,2145,1095
2146,49,13,94641220,2146,1095
2147,113,66,97318911,2147,1126
2148,113,1,97484013,2148,1128
